{
  "attention_probs_dropout_prob": 0.1,
  "hidden_act": "gelu",
  "hidden_dropout_prob": 0.1,
  "hidden_size": 768,
  "initializer_range": 0.02,
  "intermediate_size": 3072,
  "max_position_embeddings": 512,
  "num_attention_heads": 12,
  "pooler_size": 768,
  "type_vocab_size": 2,
  "vocab_size": 30522,
  "bert_model": "bert-base-uncased",
  "do_lower_case": true,
  "num_locs": 4,
  "image_embeddings": "lxmert",
  "v_attention_probs_dropout_prob": 0.1,
  "v_hidden_act": "gelu",
  "v_hidden_dropout_prob": 0.1,
  "v_feature_size": 2048,
  "visual_target_weights":  {"3": 6.667, "4": 6.667, "5": 6.667},
  "qa_task_weight": 1,
  "qa_num_answers": 9500,
  "v_hidden_size": 768,
  "v_initializer_range": 0.02,
  "v_num_attention_heads": 12,
  "v_intermediate_size": 3072,
  "fusion_method": "text",
  "clf_hidden_size": 1536,
  "tt_attn_sublayers": [0,2,4,6,8,10,12,14,16,19,22,25,28,31],
  "tv_attn_sublayers": [18,21,24,27,30],
  "vt_attn_sublayers": [18,21,24,27,30],
  "vv_attn_sublayers": [0,2,4,6,8,19,22,25,28,31],
  "t_ff_sublayers": [1,3,5,7,9,11,13,15,17,20,23,26,29,32],
  "v_ff_sublayers": [1,3,5,7,9,20,23,26,29,32],
  "shared_sublayers": [18,21,24,27,30],
  "single_ln_sublayers": [],
  "sublayer2attn_hidden_size": {},
  "sublayer2num_attention_heads": {},
  "sublayer2intermediate_size": {},
  "sublayer2v_attn_hidden_size": {},
  "sublayer2v_num_attention_heads": {},
  "sublayer2v_intermediate_size": {},
  "bert_layer2attn_sublayer": {
    "0": 0, "1": 2, "2": 4, "3": 6, "4": 8, "5": 10,
    "6": 12, "7": 14, "8": 16, "9": 19, "10": 22, "11": 25
  },
  "bert_layer2ff_sublayer": {
    "0": 1, "1": 3, "2": 5, "3": 7, "4": 9, "5": 11,
    "6": 13, "7": 15, "8": 17, "9": 20, "10": 23, "11": 26
  }
}
